# of Accelerators,# of Nodes,Accelerator,Host Processor Core Count,Model MLC,Processor,Scenario,tokens_per_second
1,1,AMD Instinct MI300X-NPS1-SPX-192GB-750W,32,llama2-70b-99,2xAMD EPYC 9374F,Offline,3062.72
1,1,AMD Instinct MI300X-NPS1-SPX-192GB-750W,32,llama2-70b-99,2xAMD EPYC 9374F,Server,2520.27
1,1,AMD Instinct MI300X-NPS1-SPX-192GB-750W,32,llama2-70b-99.9,2xAMD EPYC 9374F,Offline,3062.72
1,1,AMD Instinct MI300X-NPS1-SPX-192GB-750W,32,llama2-70b-99.9,2xAMD EPYC 9374F,Server,2520.27
8,1,AMD Instinct MI300X-NPS1-SPX-192GB-750W,32,llama2-70b-99,2xAMD EPYC 9374F,Offline,23514.8
8,1,AMD Instinct MI300X-NPS1-SPX-192GB-750W,32,llama2-70b-99,2xAMD EPYC 9374F,Server,21028.23
8,1,AMD Instinct MI300X-NPS1-SPX-192GB-750W,32,llama2-70b-99.9,2xAMD EPYC 9374F,Offline,23514.8
8,1,AMD Instinct MI300X-NPS1-SPX-192GB-750W,32,llama2-70b-99.9,2xAMD EPYC 9374F,Server,21028.23
4,1,NVIDIA H100-NVL-94GB,96,gptj-99,AMD EPYC 9654 96-Core Processor,Offline,6985.51
4,1,NVIDIA H100-NVL-94GB,96,gptj-99,AMD EPYC 9654 96-Core Processor,Server,6070.26
4,1,NVIDIA H100-NVL-94GB,96,gptj-99.9,AMD EPYC 9654 96-Core Processor,Offline,6985.51
4,1,NVIDIA H100-NVL-94GB,96,gptj-99.9,AMD EPYC 9654 96-Core Processor,Server,6070.26
4,1,NVIDIA H100-NVL-94GB,96,llama2-70b-99,AMD EPYC 9654 96-Core Processor,Offline,6673.95
4,1,NVIDIA H100-NVL-94GB,96,llama2-70b-99,AMD EPYC 9654 96-Core Processor,Server,5788.29
4,1,NVIDIA H100-NVL-94GB,96,llama2-70b-99.9,AMD EPYC 9654 96-Core Processor,Offline,6673.95
4,1,NVIDIA H100-NVL-94GB,96,llama2-70b-99.9,AMD EPYC 9654 96-Core Processor,Server,5788.29
8,1,NVIDIA H100-PCIe-80GB,32,gptj-99,AMD EPYC 9374F 32-Core Processor,Offline,13078.5
8,1,NVIDIA H100-PCIe-80GB,32,gptj-99,AMD EPYC 9374F 32-Core Processor,Server,7986.46
8,1,NVIDIA H100-PCIe-80GB,32,gptj-99.9,AMD EPYC 9374F 32-Core Processor,Offline,13078.5
8,1,NVIDIA H100-PCIe-80GB,32,gptj-99.9,AMD EPYC 9374F 32-Core Processor,Server,7986.46
8,1,NVIDIA H100-PCIe-80GB,32,llama2-70b-99,AMD EPYC 9374F 32-Core Processor,Offline,9281.5
8,1,NVIDIA H100-PCIe-80GB,32,llama2-70b-99,AMD EPYC 9374F 32-Core Processor,Server,8094.27
8,1,NVIDIA H100-PCIe-80GB,32,llama2-70b-99.9,AMD EPYC 9374F 32-Core Processor,Offline,9281.5
8,1,NVIDIA H100-PCIe-80GB,32,llama2-70b-99.9,AMD EPYC 9374F 32-Core Processor,Server,8094.27
8,1,NVIDIA H100-SXM-80GB,64,gptj-99,INTEL(R) XEON(R) PLATINUM 8592+,Offline,19877.6
8,1,NVIDIA H100-SXM-80GB,64,gptj-99,INTEL(R) XEON(R) PLATINUM 8592+,Server,19226.9
8,1,NVIDIA H100-SXM-80GB,64,gptj-99.9,INTEL(R) XEON(R) PLATINUM 8592+,Offline,19877.6
8,1,NVIDIA H100-SXM-80GB,64,gptj-99.9,INTEL(R) XEON(R) PLATINUM 8592+,Server,19226.9
8,1,NVIDIA H100-SXM-80GB,64,llama2-70b-99,INTEL(R) XEON(R) PLATINUM 8592+,Offline,24323.6
8,1,NVIDIA H100-SXM-80GB,64,llama2-70b-99,INTEL(R) XEON(R) PLATINUM 8592+,Server,20605.31
8,1,NVIDIA H100-SXM-80GB,64,llama2-70b-99.9,INTEL(R) XEON(R) PLATINUM 8592+,Offline,24323.6
8,1,NVIDIA H100-SXM-80GB,64,llama2-70b-99.9,INTEL(R) XEON(R) PLATINUM 8592+,Server,20605.31
0,1,,64,gptj-99,INTEL(R) XEON(R) PLATINUM 8592+,Offline,252.597
0,1,,64,gptj-99,INTEL(R) XEON(R) PLATINUM 8592+,Server,113.739
2,1,NVIDIA L40S,32,gptj-99,Intel Xeon Gold 6448H,Offline,1747.67
2,1,NVIDIA L40S,32,gptj-99,Intel Xeon Gold 6448H,Server,1734.03
2,1,NVIDIA H100-PCIe-80GB,96,gptj-99,AMD EPYC 9684X 96-Core Processor,Offline,3268.94
2,1,NVIDIA H100-PCIe-80GB,96,gptj-99,AMD EPYC 9684X 96-Core Processor,Server,3258.83
2,1,NVIDIA L40S,96,gptj-99,AMD EPYC 9684X 96-Core Processor,Offline,1729.6
2,1,NVIDIA L40S,96,gptj-99,AMD EPYC 9684X 96-Core Processor,Server,1725.54
0,1,,64,gptj-99,INTEL(R) XEON(R) PLATINUM 8592+,Offline,206.119
0,1,,64,gptj-99,INTEL(R) XEON(R) PLATINUM 8592+,Server,113.739
2,1,NVIDIA L40S,32,gptj-99,INTEL(R) XEON(R) PLATINUM 8562Y+,Offline,1746.46
2,1,NVIDIA L40S,32,gptj-99,INTEL(R) XEON(R) PLATINUM 8562Y+,Server,1725.98
2,1,NVIDIA L40S,32,gptj-99.9,INTEL(R) XEON(R) PLATINUM 8562Y+,Offline,1746.46
2,1,NVIDIA L40S,32,gptj-99.9,INTEL(R) XEON(R) PLATINUM 8562Y+,Server,1725.98
0,1,,64,gptj-99,INTEL(R) XEON(R) PLATINUM 8592+,Offline,248.601
0,1,,64,gptj-99,INTEL(R) XEON(R) PLATINUM 8592+,Server,113.715
2,1,NVIDIA H100-PCIe-80GB,120,gptj-99,INTEL(R) XEON(R) PLATINUM 8580,Offline,3317.08
2,1,NVIDIA H100-PCIe-80GB,120,gptj-99,INTEL(R) XEON(R) PLATINUM 8580,Server,2759.33
2,1,NVIDIA H100-PCIe-80GB,120,gptj-99.9,INTEL(R) XEON(R) PLATINUM 8580,Offline,3317.08
2,1,NVIDIA H100-PCIe-80GB,120,gptj-99.9,INTEL(R) XEON(R) PLATINUM 8580,Server,2759.33
4,1,NVIDIA H100-NVL-94GB,120,gptj-99,INTEL(R) XEON(R) PLATINUM 8580,Offline,7191.41
4,1,NVIDIA H100-NVL-94GB,120,gptj-99,INTEL(R) XEON(R) PLATINUM 8580,Server,6337.64
4,1,NVIDIA H100-SXM-80GB,96,gptj-99,Intel(R) Xeon(R) Platinum 8468,Offline,9966.79
4,1,NVIDIA H100-SXM-80GB,96,gptj-99,Intel(R) Xeon(R) Platinum 8468,Server,9990.24
4,1,NVIDIA H100-SXM-80GB,96,gptj-99.9,Intel(R) Xeon(R) Platinum 8468,Offline,9966.79
4,1,NVIDIA H100-SXM-80GB,96,gptj-99.9,Intel(R) Xeon(R) Platinum 8468,Server,9990.24
4,1,NVIDIA H100-SXM-80GB,96,llama2-70b-99,Intel(R) Xeon(R) Platinum 8468,Offline,10699.6
4,1,NVIDIA H100-SXM-80GB,96,llama2-70b-99,Intel(R) Xeon(R) Platinum 8468,Server,9522.2
4,1,NVIDIA H100-SXM-80GB,96,llama2-70b-99.9,Intel(R) Xeon(R) Platinum 8468,Offline,10699.6
4,1,NVIDIA H100-SXM-80GB,96,llama2-70b-99.9,Intel(R) Xeon(R) Platinum 8468,Server,9522.2
4,1,NVIDIA H100-SXM-80GB,96,mixtral-8x7b,Intel(R) Xeon(R) Platinum 8468,Offline,26824.4
4,1,NVIDIA H100-SXM-80GB,96,mixtral-8x7b,Intel(R) Xeon(R) Platinum 8468,Server,25707.0
4,1,NVIDIA H100-SXM-80GB,96,llama2-70b-99,Intel(R) Xeon(R) Platinum 8468,Offline,10594.1
4,1,NVIDIA H100-SXM-80GB,96,llama2-70b-99,Intel(R) Xeon(R) Platinum 8468,Server,8937.82
4,1,NVIDIA H100-SXM-80GB,96,llama2-70b-99.9,Intel(R) Xeon(R) Platinum 8468,Offline,10594.1
4,1,NVIDIA H100-SXM-80GB,96,llama2-70b-99.9,Intel(R) Xeon(R) Platinum 8468,Server,8937.82
8,1,NVIDIA H100-SXM-80GB,48,llama2-70b-99,Intel(R) Xeon(R) Platinum 8468,Offline,24086.7
8,1,NVIDIA H100-SXM-80GB,48,llama2-70b-99,Intel(R) Xeon(R) Platinum 8468,Server,21589.17
8,1,NVIDIA H100-SXM-80GB,48,llama2-70b-99.9,Intel(R) Xeon(R) Platinum 8468,Offline,24086.7
8,1,NVIDIA H100-SXM-80GB,48,llama2-70b-99.9,Intel(R) Xeon(R) Platinum 8468,Server,21589.17
8,1,NVIDIA H200-SXM-141GB,52,gptj-99,Intel(R) Xeon(R) Platinum 8470,Offline,20238.4
8,1,NVIDIA H200-SXM-141GB,52,gptj-99,Intel(R) Xeon(R) Platinum 8470,Server,20139.0
8,1,NVIDIA H200-SXM-141GB,52,gptj-99.9,Intel(R) Xeon(R) Platinum 8470,Offline,20238.4
8,1,NVIDIA H200-SXM-141GB,52,gptj-99.9,Intel(R) Xeon(R) Platinum 8470,Server,20139.0
8,1,NVIDIA H200-SXM-141GB,52,llama2-70b-99,Intel(R) Xeon(R) Platinum 8470,Offline,32124.3
8,1,NVIDIA H200-SXM-141GB,52,llama2-70b-99,Intel(R) Xeon(R) Platinum 8470,Server,29739.88
8,1,NVIDIA H200-SXM-141GB,52,llama2-70b-99.9,Intel(R) Xeon(R) Platinum 8470,Offline,32124.3
8,1,NVIDIA H200-SXM-141GB,52,llama2-70b-99.9,Intel(R) Xeon(R) Platinum 8470,Server,29739.88
8,1,AMD MI300X-NPS1-SPX-192GB-750W,40,llama2-70b-99,Intel(R) Xeon(R) Platinum 8460Y+,Offline,22677.6
8,1,AMD MI300X-NPS1-SPX-192GB-750W,40,llama2-70b-99,Intel(R) Xeon(R) Platinum 8460Y+,Server,19886.1
8,1,AMD MI300X-NPS1-SPX-192GB-750W,40,llama2-70b-99.9,Intel(R) Xeon(R) Platinum 8460Y+,Offline,22677.6
8,1,AMD MI300X-NPS1-SPX-192GB-750W,40,llama2-70b-99.9,Intel(R) Xeon(R) Platinum 8460Y+,Server,19886.1
8,1,NVIDIA L40S,32,gptj-99,Intel(R) Xeon(R) Gold 6454S,Offline,6911.78
8,1,NVIDIA L40S,32,gptj-99,Intel(R) Xeon(R) Gold 6454S,Server,6903.45
8,1,NVIDIA L40S,32,gptj-99.9,Intel(R) Xeon(R) Gold 6454S,Offline,6911.78
8,1,NVIDIA L40S,32,gptj-99.9,Intel(R) Xeon(R) Gold 6454S,Server,6903.45
8,1,NVIDIA L40S,32,llama2-70b-99,Intel(R) Xeon(R) Gold 6454S,Offline,3717.74
8,1,NVIDIA L40S,32,llama2-70b-99,Intel(R) Xeon(R) Gold 6454S,Server,3218.55
8,1,NVIDIA L40S,32,llama2-70b-99.9,Intel(R) Xeon(R) Gold 6454S,Offline,3717.74
8,1,NVIDIA L40S,32,llama2-70b-99.9,Intel(R) Xeon(R) Gold 6454S,Server,3218.55
4,1,NVIDIA H100-SXM-80GB,48,gptj-99,Intel(R) Xeon(R) Platinum 8468,Offline,9960.74
4,1,NVIDIA H100-SXM-80GB,48,gptj-99,Intel(R) Xeon(R) Platinum 8468,Server,9602.79
4,1,NVIDIA H100-SXM-80GB,48,gptj-99.9,Intel(R) Xeon(R) Platinum 8468,Offline,9960.74
4,1,NVIDIA H100-SXM-80GB,48,gptj-99.9,Intel(R) Xeon(R) Platinum 8468,Server,9602.79
4,1,NVIDIA H100-SXM-80GB,48,llama2-70b-99,Intel(R) Xeon(R) Platinum 8468,Offline,10133.3
4,1,NVIDIA H100-SXM-80GB,48,llama2-70b-99,Intel(R) Xeon(R) Platinum 8468,Server,9493.99
4,1,NVIDIA H100-SXM-80GB,48,llama2-70b-99.9,Intel(R) Xeon(R) Platinum 8468,Offline,10133.3
4,1,NVIDIA H100-SXM-80GB,48,llama2-70b-99.9,Intel(R) Xeon(R) Platinum 8468,Server,9493.99
4,1,NVIDIA H100-SXM-80GB,48,mixtral-8x7b,Intel(R) Xeon(R) Platinum 8468,Offline,26641.6
4,1,NVIDIA H100-SXM-80GB,48,mixtral-8x7b,Intel(R) Xeon(R) Platinum 8468,Server,25358.5
8,1,NVIDIA H200-SXM-141GB,56,gptj-99,Intel(R) Xeon(R) Platinum 8480+,Offline,20041.3
8,1,NVIDIA H200-SXM-141GB,56,gptj-99,Intel(R) Xeon(R) Platinum 8480+,Server,19250.4
8,1,NVIDIA H200-SXM-141GB,56,gptj-99.9,Intel(R) Xeon(R) Platinum 8480+,Offline,20041.3
8,1,NVIDIA H200-SXM-141GB,56,gptj-99.9,Intel(R) Xeon(R) Platinum 8480+,Server,19250.4
8,1,NVIDIA H200-SXM-141GB,56,llama2-70b-99,Intel(R) Xeon(R) Platinum 8480+,Offline,31263.8
8,1,NVIDIA H200-SXM-141GB,56,llama2-70b-99,Intel(R) Xeon(R) Platinum 8480+,Server,29715.28
8,1,NVIDIA H200-SXM-141GB,56,llama2-70b-99.9,Intel(R) Xeon(R) Platinum 8480+,Offline,31263.8
8,1,NVIDIA H200-SXM-141GB,56,llama2-70b-99.9,Intel(R) Xeon(R) Platinum 8480+,Server,29715.28
8,1,NVIDIA H200-SXM-141GB,56,mixtral-8x7b,Intel(R) Xeon(R) Platinum 8480+,Offline,59334.8
8,1,NVIDIA H200-SXM-141GB,56,mixtral-8x7b,Intel(R) Xeon(R) Platinum 8480+,Server,57174.1
8,1,NVIDIA H100-SXM-80GB,56,llama2-70b-99,Intel(R) Xeon(R) Platinum 8481C,Offline,24133.7
8,1,NVIDIA H100-SXM-80GB,56,llama2-70b-99,Intel(R) Xeon(R) Platinum 8481C,Server,21588.35
8,1,NVIDIA H100-SXM-80GB,56,llama2-70b-99.9,Intel(R) Xeon(R) Platinum 8481C,Offline,24133.7
8,1,NVIDIA H100-SXM-80GB,56,llama2-70b-99.9,Intel(R) Xeon(R) Platinum 8481C,Server,21588.35
8,1,NVIDIA H100-SXM-80GB,56,mixtral-8x7b,Intel(R) Xeon(R) Platinum 8481C,Offline,52524.4
8,1,NVIDIA H100-SXM-80GB,56,mixtral-8x7b,Intel(R) Xeon(R) Platinum 8481C,Server,50798.8
0,1,,64,gptj-99,INTEL(R) XEON(R) PLATINUM 8592+,Offline,251.298
0,1,,64,gptj-99,INTEL(R) XEON(R) PLATINUM 8592+,Server,113.735
8,1,NVIDIA H100-SXM-80GB,48,gptj-99,Intel(R) Xeon(R) Platinum 8468,Offline,19751.9
8,1,NVIDIA H100-SXM-80GB,48,gptj-99,Intel(R) Xeon(R) Platinum 8468,Server,19502.6
8,1,NVIDIA H100-SXM-80GB,48,llama2-70b-99,Intel(R) Xeon(R) Platinum 8468,Offline,24528.3
8,1,NVIDIA H100-SXM-80GB,48,llama2-70b-99,Intel(R) Xeon(R) Platinum 8468,Server,23132.81
8,1,NVIDIA H100-SXM-80GB,48,llama2-70b-99.9,Intel(R) Xeon(R) Platinum 8468,Offline,24424.7
8,1,NVIDIA H100-SXM-80GB,48,llama2-70b-99.9,Intel(R) Xeon(R) Platinum 8468,Server,23144.02
8,1,NVIDIA H100-SXM-80GB,48,mixtral-8x7b,Intel(R) Xeon(R) Platinum 8468,Offline,52395.1
8,1,NVIDIA H100-SXM-80GB,48,mixtral-8x7b,Intel(R) Xeon(R) Platinum 8468,Server,50798.5
4,1,NVIDIA H100-NVL-94GB,32,llama2-70b-99,INTEL(R) XEON(R) GOLD 6530,Offline,8858.78
4,1,NVIDIA H100-NVL-94GB,32,llama2-70b-99,INTEL(R) XEON(R) GOLD 6530,Server,6927.8
4,1,NVIDIA H100-NVL-94GB,32,llama2-70b-99.9,INTEL(R) XEON(R) GOLD 6530,Offline,8858.78
4,1,NVIDIA H100-NVL-94GB,32,llama2-70b-99.9,INTEL(R) XEON(R) GOLD 6530,Server,6927.8
0,1,,64,gptj-99,INTEL(R) XEON(R) PLATINUM 8592+,Offline,254.724
0,1,,64,gptj-99,INTEL(R) XEON(R) PLATINUM 8592+,Server,113.74
8,2,NVIDIA H100-SXM-80GB,112,llama2-70b-99,AMD EPYC 7763 64-Core Processor,Offline,41672.4
8,2,NVIDIA H100-SXM-80GB,112,llama2-70b-99,AMD EPYC 7763 64-Core Processor,Server,41091.6
8,2,NVIDIA H100-SXM-80GB,112,llama2-70b-99.9,AMD EPYC 7763 64-Core Processor,Offline,41672.4
8,2,NVIDIA H100-SXM-80GB,112,llama2-70b-99.9,AMD EPYC 7763 64-Core Processor,Server,41091.6
8,4,NVIDIA H100-SXM-80GB,112,llama2-70b-99,AMD EPYC 7763 64-Core Processor,Offline,82749.6
8,4,NVIDIA H100-SXM-80GB,112,llama2-70b-99,AMD EPYC 7763 64-Core Processor,Server,82273.2
8,4,NVIDIA H100-SXM-80GB,112,llama2-70b-99.9,AMD EPYC 7763 64-Core Processor,Offline,82749.6
8,4,NVIDIA H100-SXM-80GB,112,llama2-70b-99.9,AMD EPYC 7763 64-Core Processor,Server,82273.2
8,1,NVIDIA H200-SXM-141GB,48,gptj-99,AMD EPYC 9454,Offline,19859.2
8,1,NVIDIA H200-SXM-141GB,48,gptj-99,AMD EPYC 9454,Server,19716.0
8,1,NVIDIA H200-SXM-141GB,48,llama2-70b-99,AMD EPYC 9454,Offline,31917.0
8,1,NVIDIA H200-SXM-141GB,48,llama2-70b-99,AMD EPYC 9454,Server,30068.5
8,1,NVIDIA H200-SXM-141GB,48,llama2-70b-99.9,AMD EPYC 9454,Offline,31917.0
8,1,NVIDIA H200-SXM-141GB,48,llama2-70b-99.9,AMD EPYC 9454,Server,30068.5
8,1,NVIDIA H200-SXM-141GB,48,gptj-99,Intel(R) Xeon(R) Platinum 8568Y+,Offline,20552.1
8,1,NVIDIA H200-SXM-141GB,48,gptj-99,Intel(R) Xeon(R) Platinum 8568Y+,Server,19785.0
8,1,NVIDIA H200-SXM-141GB,48,gptj-99.9,Intel(R) Xeon(R) Platinum 8568Y+,Offline,20552.1
8,1,NVIDIA H200-SXM-141GB,48,gptj-99.9,Intel(R) Xeon(R) Platinum 8568Y+,Server,19785.0
8,1,NVIDIA H200-SXM-141GB,48,llama2-70b-99,Intel(R) Xeon(R) Platinum 8568Y+,Offline,31973.7
8,1,NVIDIA H200-SXM-141GB,48,llama2-70b-99,Intel(R) Xeon(R) Platinum 8568Y+,Server,30438.66
8,1,NVIDIA H200-SXM-141GB,48,llama2-70b-99.9,Intel(R) Xeon(R) Platinum 8568Y+,Offline,31973.7
8,1,NVIDIA H200-SXM-141GB,48,llama2-70b-99.9,Intel(R) Xeon(R) Platinum 8568Y+,Server,30438.66
3,1,NVIDIA L40S,32,gptj-99,Intel(R) Xeon(R) Gold 6438N,Offline,2593.65
3,1,NVIDIA L40S,32,gptj-99,Intel(R) Xeon(R) Gold 6438N,Server,2475.22
8,1,NVIDIA H100-NVL-94GB,84,gptj-99,AMD EPYC 9634 84-Core Processor,Offline,14073.6
8,1,NVIDIA H100-NVL-94GB,84,gptj-99,AMD EPYC 9634 84-Core Processor,Server,13083.5
8,1,NVIDIA H100-NVL-94GB,84,llama2-70b-99,AMD EPYC 9634 84-Core Processor,Offline,15875.8
8,1,NVIDIA H100-NVL-94GB,84,llama2-70b-99,AMD EPYC 9634 84-Core Processor,Server,13074.68
8,1,NVIDIA H100-NVL-94GB,84,llama2-70b-99.9,AMD EPYC 9634 84-Core Processor,Offline,15875.8
8,1,NVIDIA H100-NVL-94GB,84,llama2-70b-99.9,AMD EPYC 9634 84-Core Processor,Server,13074.68
8,1,NVIDIA H100-SXM-80GB,56,gptj-99,Intel(R) Xeon(R) Platinum 8480C,Offline,19739.8
8,1,NVIDIA H100-SXM-80GB,56,gptj-99,Intel(R) Xeon(R) Platinum 8480C,Server,19233.8
8,1,NVIDIA H100-SXM-80GB,56,gptj-99.9,Intel(R) Xeon(R) Platinum 8480C,Offline,19739.8
8,1,NVIDIA H100-SXM-80GB,56,gptj-99.9,Intel(R) Xeon(R) Platinum 8480C,Server,19233.8
8,1,NVIDIA H100-SXM-80GB,56,llama2-70b-99,Intel(R) Xeon(R) Platinum 8480C,Offline,24524.9
8,1,NVIDIA H100-SXM-80GB,56,llama2-70b-99,Intel(R) Xeon(R) Platinum 8480C,Server,21605.79
8,1,NVIDIA H100-SXM-80GB,56,llama2-70b-99.9,Intel(R) Xeon(R) Platinum 8480C,Offline,24524.9
8,1,NVIDIA H100-SXM-80GB,56,llama2-70b-99.9,Intel(R) Xeon(R) Platinum 8480C,Server,21605.79
8,1,NVIDIA H100-SXM-80GB,56,mixtral-8x7b,Intel(R) Xeon(R) Platinum 8480C,Offline,52415.9
8,1,NVIDIA H100-SXM-80GB,56,mixtral-8x7b,Intel(R) Xeon(R) Platinum 8480C,Server,50795.6
1,1,NVIDIA GH200 Grace Hopper Superchip 144GB,72,gptj-99,NVIDIA Grace CPU,Offline,2627.69
1,1,NVIDIA GH200 Grace Hopper Superchip 144GB,72,gptj-99,NVIDIA Grace CPU,Server,2513.38
1,1,NVIDIA GH200 Grace Hopper Superchip 144GB,72,gptj-99.9,NVIDIA Grace CPU,Offline,2627.69
1,1,NVIDIA GH200 Grace Hopper Superchip 144GB,72,gptj-99.9,NVIDIA Grace CPU,Server,2513.38
1,1,NVIDIA GH200 Grace Hopper Superchip 144GB,72,llama2-70b-99,NVIDIA Grace CPU,Offline,4067.52
1,1,NVIDIA GH200 Grace Hopper Superchip 144GB,72,llama2-70b-99,NVIDIA Grace CPU,Server,3883.67
1,1,NVIDIA GH200 Grace Hopper Superchip 144GB,72,llama2-70b-99.9,NVIDIA Grace CPU,Offline,4067.52
1,1,NVIDIA GH200 Grace Hopper Superchip 144GB,72,llama2-70b-99.9,NVIDIA Grace CPU,Server,3883.67
1,1,NVIDIA GH200 Grace Hopper Superchip 144GB,72,mixtral-8x7b,NVIDIA Grace CPU,Offline,8021.46
1,1,NVIDIA GH200 Grace Hopper Superchip 144GB,72,mixtral-8x7b,NVIDIA Grace CPU,Server,7450.27
1,1,NVIDIA H200-SXM-141GB-CTS,56,llama2-70b-99,Intel(R) Xeon(R) Platinum 8480C,Offline,4487.88
1,1,NVIDIA H200-SXM-141GB-CTS,56,llama2-70b-99,Intel(R) Xeon(R) Platinum 8480C,Server,4202.3
1,1,NVIDIA H200-SXM-141GB-CTS,56,llama2-70b-99.9,Intel(R) Xeon(R) Platinum 8480C,Offline,4487.88
1,1,NVIDIA H200-SXM-141GB-CTS,56,llama2-70b-99.9,Intel(R) Xeon(R) Platinum 8480C,Server,4202.3
8,1,NVIDIA H200-SXM-141GB-CTS,56,llama2-70b-99,Intel(R) Xeon(R) Platinum 8480C,Offline,34864.2
8,1,NVIDIA H200-SXM-141GB-CTS,56,llama2-70b-99,Intel(R) Xeon(R) Platinum 8480C,Server,32789.74
8,1,NVIDIA H200-SXM-141GB-CTS,56,llama2-70b-99.9,Intel(R) Xeon(R) Platinum 8480C,Offline,34864.2
8,1,NVIDIA H200-SXM-141GB-CTS,56,llama2-70b-99.9,Intel(R) Xeon(R) Platinum 8480C,Server,32789.74
1,1,NVIDIA H200-SXM-141GB,56,gptj-99,Intel(R) Xeon(R) Platinum 8480C,Offline,2579.51
1,1,NVIDIA H200-SXM-141GB,56,gptj-99,Intel(R) Xeon(R) Platinum 8480C,Server,2405.86
1,1,NVIDIA H200-SXM-141GB,56,gptj-99.9,Intel(R) Xeon(R) Platinum 8480C,Offline,2579.51
1,1,NVIDIA H200-SXM-141GB,56,gptj-99.9,Intel(R) Xeon(R) Platinum 8480C,Server,2405.86
8,1,NVIDIA H200-SXM-141GB,56,gptj-99,Intel(R) Xeon(R) Platinum 8480C,Offline,20086.1
8,1,NVIDIA H200-SXM-141GB,56,gptj-99,Intel(R) Xeon(R) Platinum 8480C,Server,19243.3
8,1,NVIDIA H200-SXM-141GB,56,gptj-99.9,Intel(R) Xeon(R) Platinum 8480C,Offline,20086.1
8,1,NVIDIA H200-SXM-141GB,56,gptj-99.9,Intel(R) Xeon(R) Platinum 8480C,Server,19243.3
8,1,NVIDIA H200-SXM-141GB,56,llama2-70b-99,Intel(R) Xeon(R) Platinum 8480C,Offline,31302.7
8,1,NVIDIA H200-SXM-141GB,56,llama2-70b-99,Intel(R) Xeon(R) Platinum 8480C,Server,29228.22
8,1,NVIDIA H200-SXM-141GB,56,llama2-70b-99.9,Intel(R) Xeon(R) Platinum 8480C,Offline,31302.7
8,1,NVIDIA H200-SXM-141GB,56,llama2-70b-99.9,Intel(R) Xeon(R) Platinum 8480C,Server,29228.22
8,1,NVIDIA H200-SXM-141GB,56,mixtral-8x7b,Intel(R) Xeon(R) Platinum 8480C,Offline,59022.3
8,1,NVIDIA H200-SXM-141GB,56,mixtral-8x7b,Intel(R) Xeon(R) Platinum 8480C,Server,57177.2
8,1,NVIDIA H200-SXM-141GB,56,llama2-70b-99,Intel(R) Xeon(R) Platinum 8480C,Offline,31059.3
8,1,NVIDIA H200-SXM-141GB,56,llama2-70b-99,Intel(R) Xeon(R) Platinum 8480C,Server,30128.44
8,1,NVIDIA H200-SXM-141GB,56,llama2-70b-99.9,Intel(R) Xeon(R) Platinum 8480C,Offline,31059.3
8,1,NVIDIA H200-SXM-141GB,56,llama2-70b-99.9,Intel(R) Xeon(R) Platinum 8480C,Server,30128.44
8,1,NVIDIA L40S,4,llama2-70b-99,AMD EPYC 9254 24-Core Processor,Offline,948.198
8,1,NVIDIA L40S,4,llama2-70b-99,AMD EPYC 9254 24-Core Processor,Server,592.26
1,1,NVIDIA GH200 Grace Hopper Superchip 96GB,72,gptj-99,NVIDIA Grace CPU,Offline,2695.15
1,1,NVIDIA GH200 Grace Hopper Superchip 96GB,72,gptj-99,NVIDIA Grace CPU,Server,2159.58
1,1,NVIDIA GH200 Grace Hopper Superchip 96GB,72,gptj-99.9,NVIDIA Grace CPU,Offline,2695.15
1,1,NVIDIA GH200 Grace Hopper Superchip 96GB,72,gptj-99.9,NVIDIA Grace CPU,Server,2159.58
0,1,,64,gptj-99,Intel(R) Xeon(R) Platinum 8592+,Offline,239.034
0,1,,64,gptj-99,Intel(R) Xeon(R) Platinum 8592+,Server,113.732
4,1,NVIDIA L40S,44,gptj-99,Intel(R) Xeon(R) Platinum 8458P,Offline,3463.19
4,1,NVIDIA L40S,44,gptj-99,Intel(R) Xeon(R) Platinum 8458P,Server,3096.45
4,1,NVIDIA L40S,44,gptj-99.9,Intel(R) Xeon(R) Platinum 8458P,Offline,3463.19
4,1,NVIDIA L40S,44,gptj-99.9,Intel(R) Xeon(R) Platinum 8458P,Server,3096.45
1,1,NVIDIA GH200 Grace Hopper Superchip 96GB,72,gptj-99,NVIDIA Grace CPU,Offline,2803.72
1,1,NVIDIA GH200 Grace Hopper Superchip 96GB,72,gptj-99,NVIDIA Grace CPU,Server,2160.12
1,1,NVIDIA GH200 Grace Hopper Superchip 96GB,72,gptj-99.9,NVIDIA Grace CPU,Offline,2803.72
1,1,NVIDIA GH200 Grace Hopper Superchip 96GB,72,gptj-99.9,NVIDIA Grace CPU,Server,2160.12
1,1,NVIDIA GH200 Grace Hopper Superchip 96GB,72,llama2-70b-99.9,NVIDIA Grace CPU,Offline,3114.03
1,1,NVIDIA GH200 Grace Hopper Superchip 96GB,72,llama2-70b-99.9,NVIDIA Grace CPU,Server,2619.09
4,1,NVIDIA L40S,112,llama2-70b-99.9,Intel(R) Xeon(R) Platinum 8480CL,Offline,1717.77
4,1,NVIDIA L40S,112,llama2-70b-99.9,Intel(R) Xeon(R) Platinum 8480CL,Server,1469.19
8,1,NVIDIA H100-SXM-80GB,96,gptj-99,AMD EPYC 9654,Offline,19539.2
8,1,NVIDIA H100-SXM-80GB,96,gptj-99,AMD EPYC 9654,Server,19810.7
8,1,NVIDIA H100-SXM-80GB,96,gptj-99.9,AMD EPYC 9654,Offline,19539.2
8,1,NVIDIA H100-SXM-80GB,96,gptj-99.9,AMD EPYC 9654,Server,19810.7
8,1,NVIDIA H100-SXM-80GB,96,llama2-70b-99,AMD EPYC 9654,Offline,24216.8
8,1,NVIDIA H100-SXM-80GB,96,llama2-70b-99,AMD EPYC 9654,Server,23699.66
8,1,NVIDIA H100-SXM-80GB,96,llama2-70b-99.9,AMD EPYC 9654,Offline,24216.8
8,1,NVIDIA H100-SXM-80GB,96,llama2-70b-99.9,AMD EPYC 9654,Server,23699.66
8,1,NVIDIA H100-SXM-80GB,96,mixtral-8x7b,AMD EPYC 9654,Offline,51269.0
8,1,NVIDIA H100-SXM-80GB,96,mixtral-8x7b,AMD EPYC 9654,Server,50099.5
8,1,NVIDIA H100-SXM-80GB,48,gptj-99,AMD EPYC 9474F,Offline,19418.9
8,1,NVIDIA H100-SXM-80GB,48,gptj-99,AMD EPYC 9474F,Server,19304.4
8,1,NVIDIA H100-SXM-80GB,48,gptj-99.9,AMD EPYC 9474F,Offline,19418.9
8,1,NVIDIA H100-SXM-80GB,48,gptj-99.9,AMD EPYC 9474F,Server,19304.4
8,1,NVIDIA H100-SXM-80GB,48,llama2-70b-99,AMD EPYC 9474F,Offline,24011.7
8,1,NVIDIA H100-SXM-80GB,48,llama2-70b-99,AMD EPYC 9474F,Server,21775.48
8,1,NVIDIA H100-SXM-80GB,48,llama2-70b-99.9,AMD EPYC 9474F,Offline,24011.7
8,1,NVIDIA H100-SXM-80GB,48,llama2-70b-99.9,AMD EPYC 9474F,Server,21775.48
8,1,NVIDIA H100-SXM-80GB,48,mixtral-8x7b,AMD EPYC 9474F,Offline,50970.6
8,1,NVIDIA H100-SXM-80GB,48,mixtral-8x7b,AMD EPYC 9474F,Server,49864.0
1,1,NVIDIA GH200 Grace Hopper Superchip 96GB,72,gptj-99,NVIDIA Grace CPU,Offline,2659.47
1,1,NVIDIA GH200 Grace Hopper Superchip 96GB,72,gptj-99,NVIDIA Grace CPU,Server,2159.89
1,1,NVIDIA GH200 Grace Hopper Superchip 96GB,72,gptj-99.9,NVIDIA Grace CPU,Offline,2659.47
1,1,NVIDIA GH200 Grace Hopper Superchip 96GB,72,gptj-99.9,NVIDIA Grace CPU,Server,2159.89
8,1,NVIDIA H100-SXM-80GB,56,gptj-99,Intel(R) Xeon(R) Platinum 8570,Offline,19808.2
8,1,NVIDIA H100-SXM-80GB,56,gptj-99,Intel(R) Xeon(R) Platinum 8570,Server,19725.6
8,1,NVIDIA H100-SXM-80GB,56,gptj-99.9,Intel(R) Xeon(R) Platinum 8570,Offline,19808.2
8,1,NVIDIA H100-SXM-80GB,56,gptj-99.9,Intel(R) Xeon(R) Platinum 8570,Server,19725.6
8,1,NVIDIA H100-SXM-80GB,56,llama2-70b-99,Intel(R) Xeon(R) Platinum 8570,Offline,24180.6
8,1,NVIDIA H100-SXM-80GB,56,llama2-70b-99,Intel(R) Xeon(R) Platinum 8570,Server,21888.6
8,1,NVIDIA H100-SXM-80GB,56,llama2-70b-99.9,Intel(R) Xeon(R) Platinum 8570,Offline,24180.6
8,1,NVIDIA H100-SXM-80GB,56,llama2-70b-99.9,Intel(R) Xeon(R) Platinum 8570,Server,21888.6
8,1,NVIDIA H100-SXM-80GB,56,mixtral-8x7b,Intel(R) Xeon(R) Platinum 8570,Offline,52452.0
8,1,NVIDIA H100-SXM-80GB,56,mixtral-8x7b,Intel(R) Xeon(R) Platinum 8570,Server,51028.4
8,1,NVIDIA H100-SXM-80GB,48,gptj-99,Intel(R) Xeon(R) Platinum 8468,Offline,19803.6
8,1,NVIDIA H100-SXM-80GB,48,gptj-99,Intel(R) Xeon(R) Platinum 8468,Server,19635.2
8,1,NVIDIA H100-SXM-80GB,48,gptj-99.9,Intel(R) Xeon(R) Platinum 8468,Offline,19803.6
8,1,NVIDIA H100-SXM-80GB,48,gptj-99.9,Intel(R) Xeon(R) Platinum 8468,Server,19635.2
8,1,NVIDIA H100-SXM-80GB,48,llama2-70b-99,Intel(R) Xeon(R) Platinum 8468,Offline,24140.1
8,1,NVIDIA H100-SXM-80GB,48,llama2-70b-99,Intel(R) Xeon(R) Platinum 8468,Server,21986.02
8,1,NVIDIA H100-SXM-80GB,48,llama2-70b-99.9,Intel(R) Xeon(R) Platinum 8468,Offline,24140.1
8,1,NVIDIA H100-SXM-80GB,48,llama2-70b-99.9,Intel(R) Xeon(R) Platinum 8468,Server,21986.02
8,1,NVIDIA H100-SXM-80GB,48,mixtral-8x7b,Intel(R) Xeon(R) Platinum 8468,Offline,52353.8
8,1,NVIDIA H100-SXM-80GB,48,mixtral-8x7b,Intel(R) Xeon(R) Platinum 8468,Server,50676.9
8,1,NVIDIA H100-SXM-80GB,32,gptj-99,Intel(R) Xeon(R) Platinum 8462Y+,Offline,19711.1
8,1,NVIDIA H100-SXM-80GB,32,gptj-99,Intel(R) Xeon(R) Platinum 8462Y+,Server,19233.8
8,1,NVIDIA H100-SXM-80GB,32,llama2-70b-99,Intel(R) Xeon(R) Platinum 8462Y+,Offline,24459.6
8,1,NVIDIA H100-SXM-80GB,32,llama2-70b-99,Intel(R) Xeon(R) Platinum 8462Y+,Server,21326.97
8,1,NVIDIA H100-SXM-80GB,32,llama2-70b-99.9,Intel(R) Xeon(R) Platinum 8462Y+,Offline,24459.6
8,1,NVIDIA H100-SXM-80GB,32,llama2-70b-99.9,Intel(R) Xeon(R) Platinum 8462Y+,Server,21326.97
8,1,NVIDIA H100-SXM-80GB,32,mixtral-8x7b,Intel(R) Xeon(R) Platinum 8462Y+,Offline,52817.7
8,1,NVIDIA H100-SXM-80GB,32,mixtral-8x7b,Intel(R) Xeon(R) Platinum 8462Y+,Server,50797.2
8,1,AMD Instinct MI300X-NPS1-SPX-192GB-750W,0,llama2-70b-99,2xAMD EPYC TURIN,Offline,24109.8
8,1,AMD Instinct MI300X-NPS1-SPX-192GB-750W,0,llama2-70b-99,2xAMD EPYC TURIN,Server,22020.92
8,1,AMD Instinct MI300X-NPS1-SPX-192GB-750W,0,llama2-70b-99.9,2xAMD EPYC TURIN,Offline,24109.8
8,1,AMD Instinct MI300X-NPS1-SPX-192GB-750W,0,llama2-70b-99.9,2xAMD EPYC TURIN,Server,22020.92
1,1,NVIDIA GH200 Grace Hopper Superchip 144GB,72,gptj-99,NVIDIA Grace CPU,Offline,2632.76
1,1,NVIDIA GH200 Grace Hopper Superchip 144GB,72,gptj-99,NVIDIA Grace CPU,Server,2512.89
1,1,NVIDIA GH200 Grace Hopper Superchip 144GB,72,gptj-99.9,NVIDIA Grace CPU,Offline,2632.76
1,1,NVIDIA GH200 Grace Hopper Superchip 144GB,72,gptj-99.9,NVIDIA Grace CPU,Server,2512.89
1,1,NVIDIA GH200 Grace Hopper Superchip 144GB,72,llama2-70b-99,NVIDIA Grace CPU,Offline,4084.3
1,1,NVIDIA GH200 Grace Hopper Superchip 144GB,72,llama2-70b-99,NVIDIA Grace CPU,Server,3884.16
1,1,NVIDIA GH200 Grace Hopper Superchip 144GB,72,llama2-70b-99.9,NVIDIA Grace CPU,Offline,4084.3
1,1,NVIDIA GH200 Grace Hopper Superchip 144GB,72,llama2-70b-99.9,NVIDIA Grace CPU,Server,3884.16
1,1,NVIDIA GH200 Grace Hopper Superchip 144GB,72,mixtral-8x7b,NVIDIA Grace CPU,Offline,8063.02
1,1,NVIDIA GH200 Grace Hopper Superchip 144GB,72,mixtral-8x7b,NVIDIA Grace CPU,Server,7450.72
0,1,,128,gptj-99,INTEL(R) XEON(R) 6980P,Offline,498.316
0,1,,128,gptj-99,INTEL(R) XEON(R) 6980P,Server,217.466
1,1,NVIDIA B200-SXM-180GB,12,llama2-70b-99,Intel(R) Xeon(R) Silver 4410Y,Offline,11264.4
1,1,NVIDIA B200-SXM-180GB,12,llama2-70b-99,Intel(R) Xeon(R) Silver 4410Y,Server,10755.59
1,1,NVIDIA B200-SXM-180GB,12,llama2-70b-99.9,Intel(R) Xeon(R) Silver 4410Y,Offline,11264.4
1,1,NVIDIA B200-SXM-180GB,12,llama2-70b-99.9,Intel(R) Xeon(R) Silver 4410Y,Server,10755.59
